??,??
DZMB1_017005,Corridor
DZMB1_017010,Corridor
DZMB1_017015,Corridor
DZMB1_017020,Corridor
DZMB1_017025,Corridor
DZMB1_017030,Corridor
DZMB1_017035,Corridor
DZMB1_017040,Corridor
DZMB1_017045,Corridor
DZMB1_017050,Corridor
DZMB1_017055,Corridor
DZMB1_017060,Corridor
DZMB1_017065,Corridor
DZMB1_028996,Corridor
DZMB1_029000,Corridor
DZMB1_029005,Corridor
DZMB1_029010,Corridor
DZMB1_029015,Corridor
DZMB1_029020,Corridor
DZMB1_029025,Corridor
DZMB1_029030,Corridor
DZMB1_029035,Corridor
DZMB1_029040,Corridor
DZMB1_029045,Corridor
DZMB1_029050,Corridor
DZMB1_029055,Corridor
DZMB1_034040,Corridor
DZMB1_034045,Corridor
DZMB1_033050,Corridor
DZMB1_034055,Corridor
DZMB1_035025,Corridor
DZMB1_035029,Corridor
DZMB1_035035,Corridor
DZMB1_038020,Corridor
DZMB1_038045,Corridor
DZMB1_038050,Corridor
DZMB1_038055,Corridor
DZMB1_041025,Corridor
DZMB1_041030,Corridor
DZMB1_041035,Corridor
DZMB1_044045,Corridor
DZMB1_044050,Corridor
DZMB1_044055,Corridor
DZMB1_047025,Corridor
DZMB1_047030,Corridor
DZMB1_047035,Corridor
DZMB1_052041,Corridor
DZMB1_052045,Corridor
DZMB1_052050,Corridor
DZMB1_052055,Corridor
DZMB1_054026,Corridor
DZMB1_054030,Corridor
DZMB1_054035,Corridor
DZMB1_059035,Corridor
